cohort_name,cohort_full_name,cohort_id,cohort_type
Persons with a COVID-19 diagnosis or a SARS-CoV-2 positive test with at least 365d prior observation,Persons with a COVID-19 diagnosis or a SARS-CoV-2 positive test with at least 365d prior observation,132,covid
Persons hospitalized with a COVID-19 diagnosis record or a SARS-CoV-2 positive test with at least 365d prior observation,Persons hospitalized with a COVID-19 diagnosis record or a SARS-CoV-2 positive test with at least 365d prior observation,134,covid
Persons with a COVID-19 diagnosis or a SARS-CoV-2 positive test with no required prior observation,Persons with a COVID-19 diagnosis or a SARS-CoV-2 positive test with no required prior observation,133,covid
Persons hospitalized with a COVID-19 diagnosis record or a SARS-CoV-2 positive test with no required prior observation,Persons hospitalized with a COVID-19 diagnosis record or a SARS-CoV-2 positive test with no required prior observation,135,covid
Persons with Influenza diagnosis or positive test 2017-2018 with at least 365d prior observation,Persons with Influenza diagnosis or positive test 2017-2018 with at least 365d prior observation,111,influenza
Persons with Influenza diagnosis or positive test 2017-2018 with no required prior observation,Persons with Influenza diagnosis or positive test 2017-2018 with no required prior observation,112,influenza
Persons with Influenza diagnosis or positive test 2017-2018 with at least 365d prior observation with Full 30-day follow up,Persons with Influenza diagnosis or positive test 2017-2018 with at least 365d prior observation with Full 30-day follow up,111000011,TwS
Persons with Influenza diagnosis or positive test 2017-2018 with no required prior observation with Full 30-day follow up,Persons with Influenza diagnosis or positive test 2017-2018 with no required prior observation with Full 30-day follow up,112000011,TwS
Persons hospitalized with influenza diagnosis or positive test 2017-2018 with at least 365d prior observation with Full 30-day follow up,Persons hospitalized with influenza diagnosis or positive test 2017-2018 with at least 365d prior observation with Full 30-day follow up,113000011,TwS
Persons hospitalized with influenza diagnosis or positive test 2017-2018 with no required prior observation with Full 30-day follow up,Persons hospitalized with influenza diagnosis or positive test 2017-2018 with no required prior observation with Full 30-day follow up,114000011,TwS
Persons with a COVID-19 diagnosis or a SARS-CoV-2 positive test with at least 365d prior observation with Full 30-day follow up,Persons with a COVID-19 diagnosis or a SARS-CoV-2 positive test with at least 365d prior observation with Full 30-day follow up,132000011,TwS
Persons with a COVID-19 diagnosis or a SARS-CoV-2 positive test with no required prior observation with Full 30-day follow up,Persons with a COVID-19 diagnosis or a SARS-CoV-2 positive test with no required prior observation with Full 30-day follow up,133000011,TwS
Persons hospitalized with a COVID-19 diagnosis record or a SARS-CoV-2 positive test with at least 365d prior observation with Full 30-day follow up,Persons hospitalized with a COVID-19 diagnosis record or a SARS-CoV-2 positive test with at least 365d prior observation with Full 30-day follow up,134000011,TwS
Persons hospitalized with a COVID-19 diagnosis record or a SARS-CoV-2 positive test with no required prior observation with Full 30-day follow up,Persons hospitalized with a COVID-19 diagnosis record or a SARS-CoV-2 positive test with no required prior observation with Full 30-day follow up,135000011,TwS
Persons hospitalized and requiring intensive services with a COVID-19 diagnosis record or a SARS-CoV-2 positive test with at least 365d prior observation with Full 30-day follow up,Persons hospitalized and requiring intensive services with a COVID-19 diagnosis record or a SARS-CoV-2 positive test with at least 365d prior observation with Full 30-day follow up,136000011,TwS
Persons hospitalized and requiring intensive services with a COVID-19 diagnosis record or a SARS-CoV-2 positive test with no required prior observation with Full 30-day follow up,Persons hospitalized and requiring intensive services with a COVID-19 diagnosis record or a SARS-CoV-2 positive test with no required prior observation with Full 30-day follow up,137000011,TwS
Persons with a COVID-19 diagnosis or a SARS-CoV-2 positive test with at least 365d prior observation with < 30-day follow up,Persons with a COVID-19 diagnosis or a SARS-CoV-2 positive test with at least 365d prior observation with < 30-day follow up,132000021,TwS
Persons with a COVID-19 diagnosis or a SARS-CoV-2 positive test with no required prior observation with < 30-day follow up,Persons with a COVID-19 diagnosis or a SARS-CoV-2 positive test with no required prior observation with < 30-day follow up,133000021,TwS
Persons hospitalized with a COVID-19 diagnosis record or a SARS-CoV-2 positive test with at least 365d prior observation with < 30-day follow up,Persons hospitalized with a COVID-19 diagnosis record or a SARS-CoV-2 positive test with at least 365d prior observation with < 30-day follow up,134000021,TwS
Persons hospitalized with a COVID-19 diagnosis record or a SARS-CoV-2 positive test with no required prior observation with < 30-day follow up,Persons hospitalized with a COVID-19 diagnosis record or a SARS-CoV-2 positive test with no required prior observation with < 30-day follow up,135000021,TwS
Persons hospitalized and requiring intensive services with a COVID-19 diagnosis record or a SARS-CoV-2 positive test with at least 365d prior observation with < 30-day follow up,Persons hospitalized and requiring intensive services with a COVID-19 diagnosis record or a SARS-CoV-2 positive test with at least 365d prior observation with < 30-day follow up,136000021,TwS
Persons hospitalized and requiring intensive services with a COVID-19 diagnosis record or a SARS-CoV-2 positive test with no required prior observation with < 30-day follow up,Persons hospitalized and requiring intensive services with a COVID-19 diagnosis record or a SARS-CoV-2 positive test with no required prior observation with < 30-day follow up,137000021,TwS
Persons with Influenza diagnosis or positive test 2017-2018 with at least 365d prior observation with Sex = Female,Persons with Influenza diagnosis or positive test 2017-2018 with at least 365d prior observation with Sex = Female,111000031,TwS
Persons with Influenza diagnosis or positive test 2017-2018 with no required prior observation with Sex = Female,Persons with Influenza diagnosis or positive test 2017-2018 with no required prior observation with Sex = Female,112000031,TwS
Persons hospitalized with influenza diagnosis or positive test 2017-2018 with at least 365d prior observation with Sex = Female,Persons hospitalized with influenza diagnosis or positive test 2017-2018 with at least 365d prior observation with Sex = Female,113000031,TwS
Persons hospitalized with influenza diagnosis or positive test 2017-2018 with no required prior observation with Sex = Female,Persons hospitalized with influenza diagnosis or positive test 2017-2018 with no required prior observation with Sex = Female,114000031,TwS
Persons with a COVID-19 diagnosis or a SARS-CoV-2 positive test with at least 365d prior observation with Sex = Female,Persons with a COVID-19 diagnosis or a SARS-CoV-2 positive test with at least 365d prior observation with Sex = Female,132000031,TwS
Persons with a COVID-19 diagnosis or a SARS-CoV-2 positive test with no required prior observation with Sex = Female,Persons with a COVID-19 diagnosis or a SARS-CoV-2 positive test with no required prior observation with Sex = Female,133000031,TwS
Persons hospitalized with a COVID-19 diagnosis record or a SARS-CoV-2 positive test with at least 365d prior observation with Sex = Female,Persons hospitalized with a COVID-19 diagnosis record or a SARS-CoV-2 positive test with at least 365d prior observation with Sex = Female,134000031,TwS
Persons hospitalized with a COVID-19 diagnosis record or a SARS-CoV-2 positive test with no required prior observation with Sex = Female,Persons hospitalized with a COVID-19 diagnosis record or a SARS-CoV-2 positive test with no required prior observation with Sex = Female,135000031,TwS
Persons with Influenza diagnosis or positive test 2017-2018 with at least 365d prior observation with Sex = Male,Persons with Influenza diagnosis or positive test 2017-2018 with at least 365d prior observation with Sex = Male,111000041,TwS
Persons with Influenza diagnosis or positive test 2017-2018 with no required prior observation with Sex = Male,Persons with Influenza diagnosis or positive test 2017-2018 with no required prior observation with Sex = Male,112000041,TwS
Persons hospitalized with influenza diagnosis or positive test 2017-2018 with at least 365d prior observation with Sex = Male,Persons hospitalized with influenza diagnosis or positive test 2017-2018 with at least 365d prior observation with Sex = Male,113000041,TwS
Persons hospitalized with influenza diagnosis or positive test 2017-2018 with no required prior observation with Sex = Male,Persons hospitalized with influenza diagnosis or positive test 2017-2018 with no required prior observation with Sex = Male,114000041,TwS
Persons with a COVID-19 diagnosis or a SARS-CoV-2 positive test with at least 365d prior observation with Sex = Male,Persons with a COVID-19 diagnosis or a SARS-CoV-2 positive test with at least 365d prior observation with Sex = Male,132000041,TwS
Persons with a COVID-19 diagnosis or a SARS-CoV-2 positive test with no required prior observation with Sex = Male,Persons with a COVID-19 diagnosis or a SARS-CoV-2 positive test with no required prior observation with Sex = Male,133000041,TwS
Persons hospitalized with a COVID-19 diagnosis record or a SARS-CoV-2 positive test with at least 365d prior observation with Sex = Male,Persons hospitalized with a COVID-19 diagnosis record or a SARS-CoV-2 positive test with at least 365d prior observation with Sex = Male,134000041,TwS
Persons hospitalized with a COVID-19 diagnosis record or a SARS-CoV-2 positive test with no required prior observation with Sex = Male,Persons hospitalized with a COVID-19 diagnosis record or a SARS-CoV-2 positive test with no required prior observation with Sex = Male,135000041,TwS
Persons hospitalized and requiring intensive services with a COVID-19 diagnosis record or a SARS-CoV-2 positive test with at least 365d prior observation with Sex = Male,Persons hospitalized and requiring intensive services with a COVID-19 diagnosis record or a SARS-CoV-2 positive test with at least 365d prior observation with Sex = Male,136000041,TwS
Persons hospitalized and requiring intensive services with a COVID-19 diagnosis record or a SARS-CoV-2 positive test with no required prior observation with Sex = Male,Persons hospitalized and requiring intensive services with a COVID-19 diagnosis record or a SARS-CoV-2 positive test with no required prior observation with Sex = Male,137000041,TwS
Persons with Influenza diagnosis or positive test 2017-2018 with at least 365d prior observation with Age >= 18,Persons with Influenza diagnosis or positive test 2017-2018 with at least 365d prior observation with Age >= 18,111000051,TwS
Persons with Influenza diagnosis or positive test 2017-2018 with no required prior observation with Age >= 18,Persons with Influenza diagnosis or positive test 2017-2018 with no required prior observation with Age >= 18,112000051,TwS
Persons hospitalized with influenza diagnosis or positive test 2017-2018 with at least 365d prior observation with Age >= 18,Persons hospitalized with influenza diagnosis or positive test 2017-2018 with at least 365d prior observation with Age >= 18,113000051,TwS
Persons hospitalized with influenza diagnosis or positive test 2017-2018 with no required prior observation with Age >= 18,Persons hospitalized with influenza diagnosis or positive test 2017-2018 with no required prior observation with Age >= 18,114000051,TwS
Persons with a COVID-19 diagnosis or a SARS-CoV-2 positive test with at least 365d prior observation with Age >= 18,Persons with a COVID-19 diagnosis or a SARS-CoV-2 positive test with at least 365d prior observation with Age >= 18,132000051,TwS
Persons with a COVID-19 diagnosis or a SARS-CoV-2 positive test with no required prior observation with Age >= 18,Persons with a COVID-19 diagnosis or a SARS-CoV-2 positive test with no required prior observation with Age >= 18,133000051,TwS
Persons hospitalized with a COVID-19 diagnosis record or a SARS-CoV-2 positive test with at least 365d prior observation with Age >= 18,Persons hospitalized with a COVID-19 diagnosis record or a SARS-CoV-2 positive test with at least 365d prior observation with Age >= 18,134000051,TwS
Persons hospitalized with a COVID-19 diagnosis record or a SARS-CoV-2 positive test with no required prior observation with Age >= 18,Persons hospitalized with a COVID-19 diagnosis record or a SARS-CoV-2 positive test with no required prior observation with Age >= 18,135000051,TwS
Persons hospitalized and requiring intensive services with a COVID-19 diagnosis record or a SARS-CoV-2 positive test with at least 365d prior observation with Age >= 18,Persons hospitalized and requiring intensive services with a COVID-19 diagnosis record or a SARS-CoV-2 positive test with at least 365d prior observation with Age >= 18,136000051,TwS
Persons hospitalized and requiring intensive services with a COVID-19 diagnosis record or a SARS-CoV-2 positive test with no required prior observation with Age >= 18,Persons hospitalized and requiring intensive services with a COVID-19 diagnosis record or a SARS-CoV-2 positive test with no required prior observation with Age >= 18,137000051,TwS
Persons with Influenza diagnosis or positive test 2017-2018 with at least 365d prior observation with Age < 18,Persons with Influenza diagnosis or positive test 2017-2018 with at least 365d prior observation with Age < 18,111000061,TwS
Persons with Influenza diagnosis or positive test 2017-2018 with no required prior observation with Age < 18,Persons with Influenza diagnosis or positive test 2017-2018 with no required prior observation with Age < 18,112000061,TwS
Persons hospitalized with influenza diagnosis or positive test 2017-2018 with at least 365d prior observation with Age < 18,Persons hospitalized with influenza diagnosis or positive test 2017-2018 with at least 365d prior observation with Age < 18,113000061,TwS
Persons hospitalized with influenza diagnosis or positive test 2017-2018 with no required prior observation with Age < 18,Persons hospitalized with influenza diagnosis or positive test 2017-2018 with no required prior observation with Age < 18,114000061,TwS
Persons with a COVID-19 diagnosis or a SARS-CoV-2 positive test with at least 365d prior observation with Age < 18,Persons with a COVID-19 diagnosis or a SARS-CoV-2 positive test with at least 365d prior observation with Age < 18,132000061,TwS
Persons with a COVID-19 diagnosis or a SARS-CoV-2 positive test with no required prior observation with Age < 18,Persons with a COVID-19 diagnosis or a SARS-CoV-2 positive test with no required prior observation with Age < 18,133000061,TwS
Persons with Influenza diagnosis or positive test 2017-2018 with at least 365d prior observation with Age >= 65,Persons with Influenza diagnosis or positive test 2017-2018 with at least 365d prior observation with Age >= 65,111000071,TwS
Persons with Influenza diagnosis or positive test 2017-2018 with no required prior observation with Age >= 65,Persons with Influenza diagnosis or positive test 2017-2018 with no required prior observation with Age >= 65,112000071,TwS
Persons hospitalized with influenza diagnosis or positive test 2017-2018 with at least 365d prior observation with Age >= 65,Persons hospitalized with influenza diagnosis or positive test 2017-2018 with at least 365d prior observation with Age >= 65,113000071,TwS
Persons hospitalized with influenza diagnosis or positive test 2017-2018 with no required prior observation with Age >= 65,Persons hospitalized with influenza diagnosis or positive test 2017-2018 with no required prior observation with Age >= 65,114000071,TwS
Persons with a COVID-19 diagnosis or a SARS-CoV-2 positive test with at least 365d prior observation with Age >= 65,Persons with a COVID-19 diagnosis or a SARS-CoV-2 positive test with at least 365d prior observation with Age >= 65,132000071,TwS
Persons with a COVID-19 diagnosis or a SARS-CoV-2 positive test with no required prior observation with Age >= 65,Persons with a COVID-19 diagnosis or a SARS-CoV-2 positive test with no required prior observation with Age >= 65,133000071,TwS
Persons hospitalized with a COVID-19 diagnosis record or a SARS-CoV-2 positive test with at least 365d prior observation with Age >= 65,Persons hospitalized with a COVID-19 diagnosis record or a SARS-CoV-2 positive test with at least 365d prior observation with Age >= 65,134000071,TwS
Persons hospitalized with a COVID-19 diagnosis record or a SARS-CoV-2 positive test with no required prior observation with Age >= 65,Persons hospitalized with a COVID-19 diagnosis record or a SARS-CoV-2 positive test with no required prior observation with Age >= 65,135000071,TwS
Persons hospitalized and requiring intensive services with a COVID-19 diagnosis record or a SARS-CoV-2 positive test with at least 365d prior observation with Age >= 65,Persons hospitalized and requiring intensive services with a COVID-19 diagnosis record or a SARS-CoV-2 positive test with at least 365d prior observation with Age >= 65,136000071,TwS
Persons hospitalized and requiring intensive services with a COVID-19 diagnosis record or a SARS-CoV-2 positive test with no required prior observation with Age >= 65,Persons hospitalized and requiring intensive services with a COVID-19 diagnosis record or a SARS-CoV-2 positive test with no required prior observation with Age >= 65,137000071,TwS
Persons with Influenza diagnosis or positive test 2017-2018 with at least 365d prior observation with Age < 65,Persons with Influenza diagnosis or positive test 2017-2018 with at least 365d prior observation with Age < 65,111000081,TwS
Persons with Influenza diagnosis or positive test 2017-2018 with no required prior observation with Age < 65,Persons with Influenza diagnosis or positive test 2017-2018 with no required prior observation with Age < 65,112000081,TwS
Persons hospitalized with influenza diagnosis or positive test 2017-2018 with at least 365d prior observation with Age < 65,Persons hospitalized with influenza diagnosis or positive test 2017-2018 with at least 365d prior observation with Age < 65,113000081,TwS
Persons hospitalized with influenza diagnosis or positive test 2017-2018 with no required prior observation with Age < 65,Persons hospitalized with influenza diagnosis or positive test 2017-2018 with no required prior observation with Age < 65,114000081,TwS
Persons with a COVID-19 diagnosis or a SARS-CoV-2 positive test with at least 365d prior observation with Age < 65,Persons with a COVID-19 diagnosis or a SARS-CoV-2 positive test with at least 365d prior observation with Age < 65,132000081,TwS
Persons with a COVID-19 diagnosis or a SARS-CoV-2 positive test with no required prior observation with Age < 65,Persons with a COVID-19 diagnosis or a SARS-CoV-2 positive test with no required prior observation with Age < 65,133000081,TwS
Persons hospitalized with a COVID-19 diagnosis record or a SARS-CoV-2 positive test with at least 365d prior observation with Age < 65,Persons hospitalized with a COVID-19 diagnosis record or a SARS-CoV-2 positive test with at least 365d prior observation with Age < 65,134000081,TwS
Persons hospitalized with a COVID-19 diagnosis record or a SARS-CoV-2 positive test with no required prior observation with Age < 65,Persons hospitalized with a COVID-19 diagnosis record or a SARS-CoV-2 positive test with no required prior observation with Age < 65,135000081,TwS
Persons hospitalized and requiring intensive services with a COVID-19 diagnosis record or a SARS-CoV-2 positive test with at least 365d prior observation with Age < 65,Persons hospitalized and requiring intensive services with a COVID-19 diagnosis record or a SARS-CoV-2 positive test with at least 365d prior observation with Age < 65,136000081,TwS
Persons hospitalized and requiring intensive services with a COVID-19 diagnosis record or a SARS-CoV-2 positive test with no required prior observation with Age < 65,Persons hospitalized and requiring intensive services with a COVID-19 diagnosis record or a SARS-CoV-2 positive test with no required prior observation with Age < 65,137000081,TwS
Persons with a COVID-19 diagnosis or a SARS-CoV-2 positive test with at least 365d prior observation with Index date: Feb 2020,Persons with a COVID-19 diagnosis or a SARS-CoV-2 positive test with at least 365d prior observation with Index date: Feb 2020,132000121,TwS
Persons with a COVID-19 diagnosis or a SARS-CoV-2 positive test with no required prior observation with Index date: Feb 2020,Persons with a COVID-19 diagnosis or a SARS-CoV-2 positive test with no required prior observation with Index date: Feb 2020,133000121,TwS
Persons hospitalized with a COVID-19 diagnosis record or a SARS-CoV-2 positive test with at least 365d prior observation with Index date: Feb 2020,Persons hospitalized with a COVID-19 diagnosis record or a SARS-CoV-2 positive test with at least 365d prior observation with Index date: Feb 2020,134000121,TwS
Persons hospitalized with a COVID-19 diagnosis record or a SARS-CoV-2 positive test with no required prior observation with Index date: Feb 2020,Persons hospitalized with a COVID-19 diagnosis record or a SARS-CoV-2 positive test with no required prior observation with Index date: Feb 2020,135000121,TwS
Persons with a COVID-19 diagnosis or a SARS-CoV-2 positive test with at least 365d prior observation with Index date: Mar 2020,Persons with a COVID-19 diagnosis or a SARS-CoV-2 positive test with at least 365d prior observation with Index date: Mar 2020,132000131,TwS
Persons with a COVID-19 diagnosis or a SARS-CoV-2 positive test with no required prior observation with Index date: Mar 2020,Persons with a COVID-19 diagnosis or a SARS-CoV-2 positive test with no required prior observation with Index date: Mar 2020,133000131,TwS
Persons hospitalized with a COVID-19 diagnosis record or a SARS-CoV-2 positive test with at least 365d prior observation with Index date: Mar 2020,Persons hospitalized with a COVID-19 diagnosis record or a SARS-CoV-2 positive test with at least 365d prior observation with Index date: Mar 2020,134000131,TwS
Persons hospitalized with a COVID-19 diagnosis record or a SARS-CoV-2 positive test with no required prior observation with Index date: Mar 2020,Persons hospitalized with a COVID-19 diagnosis record or a SARS-CoV-2 positive test with no required prior observation with Index date: Mar 2020,135000131,TwS
Persons hospitalized and requiring intensive services with a COVID-19 diagnosis record or a SARS-CoV-2 positive test with at least 365d prior observation with Index date: Mar 2020,Persons hospitalized and requiring intensive services with a COVID-19 diagnosis record or a SARS-CoV-2 positive test with at least 365d prior observation with Index date: Mar 2020,136000131,TwS
Persons hospitalized and requiring intensive services with a COVID-19 diagnosis record or a SARS-CoV-2 positive test with no required prior observation with Index date: Mar 2020,Persons hospitalized and requiring intensive services with a COVID-19 diagnosis record or a SARS-CoV-2 positive test with no required prior observation with Index date: Mar 2020,137000131,TwS
Persons with a COVID-19 diagnosis or a SARS-CoV-2 positive test with at least 365d prior observation with  Prevalent Type 2 Diabetes Mellitus,Persons with a COVID-19 diagnosis or a SARS-CoV-2 positive test with at least 365d prior observation with  Prevalent Type 2 Diabetes Mellitus,132001001,TwS
Persons with a COVID-19 diagnosis or a SARS-CoV-2 positive test with no required prior observation with  Prevalent Type 2 Diabetes Mellitus,Persons with a COVID-19 diagnosis or a SARS-CoV-2 positive test with no required prior observation with  Prevalent Type 2 Diabetes Mellitus,133001001,TwS
Persons hospitalized with a COVID-19 diagnosis record or a SARS-CoV-2 positive test with at least 365d prior observation with  Prevalent Type 2 Diabetes Mellitus,Persons hospitalized with a COVID-19 diagnosis record or a SARS-CoV-2 positive test with at least 365d prior observation with  Prevalent Type 2 Diabetes Mellitus,134001001,TwS
Persons hospitalized with a COVID-19 diagnosis record or a SARS-CoV-2 positive test with no required prior observation with  Prevalent Type 2 Diabetes Mellitus,Persons hospitalized with a COVID-19 diagnosis record or a SARS-CoV-2 positive test with no required prior observation with  Prevalent Type 2 Diabetes Mellitus,135001001,TwS
Persons with a COVID-19 diagnosis or a SARS-CoV-2 positive test with at least 365d prior observation with  Prevalent hypertension,Persons with a COVID-19 diagnosis or a SARS-CoV-2 positive test with at least 365d prior observation with  Prevalent hypertension,132001011,TwS
Persons with a COVID-19 diagnosis or a SARS-CoV-2 positive test with no required prior observation with  Prevalent hypertension,Persons with a COVID-19 diagnosis or a SARS-CoV-2 positive test with no required prior observation with  Prevalent hypertension,133001011,TwS
Persons hospitalized with a COVID-19 diagnosis record or a SARS-CoV-2 positive test with at least 365d prior observation with  Prevalent hypertension,Persons hospitalized with a COVID-19 diagnosis record or a SARS-CoV-2 positive test with at least 365d prior observation with  Prevalent hypertension,134001011,TwS
Persons hospitalized with a COVID-19 diagnosis record or a SARS-CoV-2 positive test with no required prior observation with  Prevalent hypertension,Persons hospitalized with a COVID-19 diagnosis record or a SARS-CoV-2 positive test with no required prior observation with  Prevalent hypertension,135001011,TwS
Persons with a COVID-19 diagnosis or a SARS-CoV-2 positive test with at least 365d prior observation with  Prevalent chronic kidney disease,Persons with a COVID-19 diagnosis or a SARS-CoV-2 positive test with at least 365d prior observation with  Prevalent chronic kidney disease,132001021,TwS
Persons with a COVID-19 diagnosis or a SARS-CoV-2 positive test with no required prior observation with  Prevalent chronic kidney disease,Persons with a COVID-19 diagnosis or a SARS-CoV-2 positive test with no required prior observation with  Prevalent chronic kidney disease,133001021,TwS
Persons hospitalized with a COVID-19 diagnosis record or a SARS-CoV-2 positive test with at least 365d prior observation with  Prevalent chronic kidney disease,Persons hospitalized with a COVID-19 diagnosis record or a SARS-CoV-2 positive test with at least 365d prior observation with  Prevalent chronic kidney disease,134001021,TwS
Persons hospitalized with a COVID-19 diagnosis record or a SARS-CoV-2 positive test with no required prior observation with  Prevalent chronic kidney disease,Persons hospitalized with a COVID-19 diagnosis record or a SARS-CoV-2 positive test with no required prior observation with  Prevalent chronic kidney disease,135001021,TwS
Persons with a COVID-19 diagnosis or a SARS-CoV-2 positive test with at least 365d prior observation with  Prevalent end stage renal disease,Persons with a COVID-19 diagnosis or a SARS-CoV-2 positive test with at least 365d prior observation with  Prevalent end stage renal disease,132001031,TwS
Persons with a COVID-19 diagnosis or a SARS-CoV-2 positive test with no required prior observation with  Prevalent end stage renal disease,Persons with a COVID-19 diagnosis or a SARS-CoV-2 positive test with no required prior observation with  Prevalent end stage renal disease,133001031,TwS
Persons hospitalized with a COVID-19 diagnosis record or a SARS-CoV-2 positive test with at least 365d prior observation with  Prevalent end stage renal disease,Persons hospitalized with a COVID-19 diagnosis record or a SARS-CoV-2 positive test with at least 365d prior observation with  Prevalent end stage renal disease,134001031,TwS
Persons hospitalized with a COVID-19 diagnosis record or a SARS-CoV-2 positive test with no required prior observation with  Prevalent end stage renal disease,Persons hospitalized with a COVID-19 diagnosis record or a SARS-CoV-2 positive test with no required prior observation with  Prevalent end stage renal disease,135001031,TwS
Persons with a COVID-19 diagnosis or a SARS-CoV-2 positive test with at least 365d prior observation with  Prevalent heart disease,Persons with a COVID-19 diagnosis or a SARS-CoV-2 positive test with at least 365d prior observation with  Prevalent heart disease,132001041,TwS
Persons with a COVID-19 diagnosis or a SARS-CoV-2 positive test with no required prior observation with  Prevalent heart disease,Persons with a COVID-19 diagnosis or a SARS-CoV-2 positive test with no required prior observation with  Prevalent heart disease,133001041,TwS
Persons hospitalized with a COVID-19 diagnosis record or a SARS-CoV-2 positive test with at least 365d prior observation with  Prevalent heart disease,Persons hospitalized with a COVID-19 diagnosis record or a SARS-CoV-2 positive test with at least 365d prior observation with  Prevalent heart disease,134001041,TwS
Persons hospitalized with a COVID-19 diagnosis record or a SARS-CoV-2 positive test with no required prior observation with  Prevalent heart disease,Persons hospitalized with a COVID-19 diagnosis record or a SARS-CoV-2 positive test with no required prior observation with  Prevalent heart disease,135001041,TwS
Persons with a COVID-19 diagnosis or a SARS-CoV-2 positive test with at least 365d prior observation with  Prevalent malignant neoplasm excluding non-melanoma skin cancer,Persons with a COVID-19 diagnosis or a SARS-CoV-2 positive test with at least 365d prior observation with  Prevalent malignant neoplasm excluding non-melanoma skin cancer,132001051,TwS
Persons with a COVID-19 diagnosis or a SARS-CoV-2 positive test with no required prior observation with  Prevalent malignant neoplasm excluding non-melanoma skin cancer,Persons with a COVID-19 diagnosis or a SARS-CoV-2 positive test with no required prior observation with  Prevalent malignant neoplasm excluding non-melanoma skin cancer,133001051,TwS
Persons hospitalized with a COVID-19 diagnosis record or a SARS-CoV-2 positive test with at least 365d prior observation with  Prevalent malignant neoplasm excluding non-melanoma skin cancer,Persons hospitalized with a COVID-19 diagnosis record or a SARS-CoV-2 positive test with at least 365d prior observation with  Prevalent malignant neoplasm excluding non-melanoma skin cancer,134001051,TwS
Persons hospitalized with a COVID-19 diagnosis record or a SARS-CoV-2 positive test with no required prior observation with  Prevalent malignant neoplasm excluding non-melanoma skin cancer,Persons hospitalized with a COVID-19 diagnosis record or a SARS-CoV-2 positive test with no required prior observation with  Prevalent malignant neoplasm excluding non-melanoma skin cancer,135001051,TwS
Persons with a COVID-19 diagnosis or a SARS-CoV-2 positive test with at least 365d prior observation with  Prevalent obesity,Persons with a COVID-19 diagnosis or a SARS-CoV-2 positive test with at least 365d prior observation with  Prevalent obesity,132001081,TwS
Persons with a COVID-19 diagnosis or a SARS-CoV-2 positive test with no required prior observation with  Prevalent obesity,Persons with a COVID-19 diagnosis or a SARS-CoV-2 positive test with no required prior observation with  Prevalent obesity,133001081,TwS
Persons with a COVID-19 diagnosis or a SARS-CoV-2 positive test with at least 365d prior observation with  Prevalent Dementia,Persons with a COVID-19 diagnosis or a SARS-CoV-2 positive test with at least 365d prior observation with  Prevalent Dementia,132001091,TwS
Persons with a COVID-19 diagnosis or a SARS-CoV-2 positive test with no required prior observation with  Prevalent Dementia,Persons with a COVID-19 diagnosis or a SARS-CoV-2 positive test with no required prior observation with  Prevalent Dementia,133001091,TwS
Persons with a COVID-19 diagnosis or a SARS-CoV-2 positive test with no required prior observation with  Prevalent tuberculosis,Persons with a COVID-19 diagnosis or a SARS-CoV-2 positive test with no required prior observation with  Prevalent tuberculosis,133001171,TwS
Persons with a COVID-19 diagnosis or a SARS-CoV-2 positive test with at least 365d prior observation with  Prevalent Autoimmune condition,Persons with a COVID-19 diagnosis or a SARS-CoV-2 positive test with at least 365d prior observation with  Prevalent Autoimmune condition,132001181,TwS
Persons with a COVID-19 diagnosis or a SARS-CoV-2 positive test with no required prior observation with  Prevalent Autoimmune condition,Persons with a COVID-19 diagnosis or a SARS-CoV-2 positive test with no required prior observation with  Prevalent Autoimmune condition,133001181,TwS
Persons with a COVID-19 diagnosis or a SARS-CoV-2 positive test with at least 365d prior observation with  Prevalent Asthma without COPD,Persons with a COVID-19 diagnosis or a SARS-CoV-2 positive test with at least 365d prior observation with  Prevalent Asthma without COPD,132001201,TwS
Persons with a COVID-19 diagnosis or a SARS-CoV-2 positive test with no required prior observation with  Prevalent Asthma without COPD,Persons with a COVID-19 diagnosis or a SARS-CoV-2 positive test with no required prior observation with  Prevalent Asthma without COPD,133001201,TwS
Persons with a COVID-19 diagnosis or a SARS-CoV-2 positive test with at least 365d prior observation with  Prevalent pre-existing condition of COVID risk factor,Persons with a COVID-19 diagnosis or a SARS-CoV-2 positive test with at least 365d prior observation with  Prevalent pre-existing condition of COVID risk factor,132001251,TwS
Persons with a COVID-19 diagnosis or a SARS-CoV-2 positive test with no required prior observation with  Prevalent pre-existing condition of COVID risk factor,Persons with a COVID-19 diagnosis or a SARS-CoV-2 positive test with no required prior observation with  Prevalent pre-existing condition of COVID risk factor,133001251,TwS
Persons hospitalized with a COVID-19 diagnosis record or a SARS-CoV-2 positive test with at least 365d prior observation with  Prevalent pre-existing condition of COVID risk factor,Persons hospitalized with a COVID-19 diagnosis record or a SARS-CoV-2 positive test with at least 365d prior observation with  Prevalent pre-existing condition of COVID risk factor,134001251,TwS
Persons hospitalized with a COVID-19 diagnosis record or a SARS-CoV-2 positive test with no required prior observation with  Prevalent pre-existing condition of COVID risk factor,Persons hospitalized with a COVID-19 diagnosis record or a SARS-CoV-2 positive test with no required prior observation with  Prevalent pre-existing condition of COVID risk factor,135001251,TwS
Persons with a COVID-19 diagnosis or a SARS-CoV-2 positive test with at least 365d prior observation with  Flu-like symptom episodes,Persons with a COVID-19 diagnosis or a SARS-CoV-2 positive test with at least 365d prior observation with  Flu-like symptom episodes,132002001,TwS
Persons with a COVID-19 diagnosis or a SARS-CoV-2 positive test with no required prior observation with  Flu-like symptom episodes,Persons with a COVID-19 diagnosis or a SARS-CoV-2 positive test with no required prior observation with  Flu-like symptom episodes,133002001,TwS
Persons hospitalized with a COVID-19 diagnosis record or a SARS-CoV-2 positive test with at least 365d prior observation with  Flu-like symptom episodes,Persons hospitalized with a COVID-19 diagnosis record or a SARS-CoV-2 positive test with at least 365d prior observation with  Flu-like symptom episodes,134002001,TwS
Persons hospitalized with a COVID-19 diagnosis record or a SARS-CoV-2 positive test with no required prior observation with  Flu-like symptom episodes,Persons hospitalized with a COVID-19 diagnosis record or a SARS-CoV-2 positive test with no required prior observation with  Flu-like symptom episodes,135002001,TwS
Persons with a COVID-19 diagnosis or a SARS-CoV-2 positive test with at least 365d prior observation with  Prevalent chronic kidney disease broad,Persons with a COVID-19 diagnosis or a SARS-CoV-2 positive test with at least 365d prior observation with  Prevalent chronic kidney disease broad,132002031,TwS
Persons with a COVID-19 diagnosis or a SARS-CoV-2 positive test with no required prior observation with  Prevalent chronic kidney disease broad,Persons with a COVID-19 diagnosis or a SARS-CoV-2 positive test with no required prior observation with  Prevalent chronic kidney disease broad,133002031,TwS
Persons hospitalized with a COVID-19 diagnosis record or a SARS-CoV-2 positive test with at least 365d prior observation with  Prevalent chronic kidney disease broad,Persons hospitalized with a COVID-19 diagnosis record or a SARS-CoV-2 positive test with at least 365d prior observation with  Prevalent chronic kidney disease broad,134002031,TwS
Persons hospitalized with a COVID-19 diagnosis record or a SARS-CoV-2 positive test with no required prior observation with  Prevalent chronic kidney disease broad,Persons hospitalized with a COVID-19 diagnosis record or a SARS-CoV-2 positive test with no required prior observation with  Prevalent chronic kidney disease broad,135002031,TwS
Persons with a COVID-19 diagnosis or a SARS-CoV-2 positive test with at least 365d prior observation with  Prevalent end stage renal disease broad,Persons with a COVID-19 diagnosis or a SARS-CoV-2 positive test with at least 365d prior observation with  Prevalent end stage renal disease broad,132002041,TwS
Persons with a COVID-19 diagnosis or a SARS-CoV-2 positive test with no required prior observation with  Prevalent end stage renal disease broad,Persons with a COVID-19 diagnosis or a SARS-CoV-2 positive test with no required prior observation with  Prevalent end stage renal disease broad,133002041,TwS
Persons hospitalized with a COVID-19 diagnosis record or a SARS-CoV-2 positive test with at least 365d prior observation with  Prevalent end stage renal disease broad,Persons hospitalized with a COVID-19 diagnosis record or a SARS-CoV-2 positive test with at least 365d prior observation with  Prevalent end stage renal disease broad,134002041,TwS
Persons hospitalized with a COVID-19 diagnosis record or a SARS-CoV-2 positive test with no required prior observation with  Prevalent end stage renal disease broad,Persons hospitalized with a COVID-19 diagnosis record or a SARS-CoV-2 positive test with no required prior observation with  Prevalent end stage renal disease broad,135002041,TwS
Persons with a COVID-19 diagnosis or a SARS-CoV-2 positive test with at least 365d prior observation with  Prevalent tuberculosis broad,Persons with a COVID-19 diagnosis or a SARS-CoV-2 positive test with at least 365d prior observation with  Prevalent tuberculosis broad,132002061,TwS
Persons with a COVID-19 diagnosis or a SARS-CoV-2 positive test with no required prior observation with  Prevalent tuberculosis broad,Persons with a COVID-19 diagnosis or a SARS-CoV-2 positive test with no required prior observation with  Prevalent tuberculosis broad,133002061,TwS
Persons with a COVID-19 diagnosis or a SARS-CoV-2 positive test with at least 365d prior observation without  with  Prevalent Type 2 Diabetes Mellitus,Persons with a COVID-19 diagnosis or a SARS-CoV-2 positive test with at least 365d prior observation without  with  Prevalent Type 2 Diabetes Mellitus,132001002,TwoS
Persons with a COVID-19 diagnosis or a SARS-CoV-2 positive test with no required prior observation without  with  Prevalent Type 2 Diabetes Mellitus,Persons with a COVID-19 diagnosis or a SARS-CoV-2 positive test with no required prior observation without  with  Prevalent Type 2 Diabetes Mellitus,133001002,TwoS
Persons hospitalized with a COVID-19 diagnosis record or a SARS-CoV-2 positive test with at least 365d prior observation without  with  Prevalent Type 2 Diabetes Mellitus,Persons hospitalized with a COVID-19 diagnosis record or a SARS-CoV-2 positive test with at least 365d prior observation without  with  Prevalent Type 2 Diabetes Mellitus,134001002,TwoS
Persons hospitalized with a COVID-19 diagnosis record or a SARS-CoV-2 positive test with no required prior observation without  with  Prevalent Type 2 Diabetes Mellitus,Persons hospitalized with a COVID-19 diagnosis record or a SARS-CoV-2 positive test with no required prior observation without  with  Prevalent Type 2 Diabetes Mellitus,135001002,TwoS
Persons with a COVID-19 diagnosis or a SARS-CoV-2 positive test with at least 365d prior observation without  with  Prevalent hypertension,Persons with a COVID-19 diagnosis or a SARS-CoV-2 positive test with at least 365d prior observation without  with  Prevalent hypertension,132001012,TwoS
Persons with a COVID-19 diagnosis or a SARS-CoV-2 positive test with no required prior observation without  with  Prevalent hypertension,Persons with a COVID-19 diagnosis or a SARS-CoV-2 positive test with no required prior observation without  with  Prevalent hypertension,133001012,TwoS
Persons hospitalized with a COVID-19 diagnosis record or a SARS-CoV-2 positive test with at least 365d prior observation without  with  Prevalent hypertension,Persons hospitalized with a COVID-19 diagnosis record or a SARS-CoV-2 positive test with at least 365d prior observation without  with  Prevalent hypertension,134001012,TwoS
Persons hospitalized with a COVID-19 diagnosis record or a SARS-CoV-2 positive test with no required prior observation without  with  Prevalent hypertension,Persons hospitalized with a COVID-19 diagnosis record or a SARS-CoV-2 positive test with no required prior observation without  with  Prevalent hypertension,135001012,TwoS
Persons with a COVID-19 diagnosis or a SARS-CoV-2 positive test with at least 365d prior observation without  with  Prevalent chronic kidney disease,Persons with a COVID-19 diagnosis or a SARS-CoV-2 positive test with at least 365d prior observation without  with  Prevalent chronic kidney disease,132001022,TwoS
Persons with a COVID-19 diagnosis or a SARS-CoV-2 positive test with no required prior observation without  with  Prevalent chronic kidney disease,Persons with a COVID-19 diagnosis or a SARS-CoV-2 positive test with no required prior observation without  with  Prevalent chronic kidney disease,133001022,TwoS
Persons hospitalized with a COVID-19 diagnosis record or a SARS-CoV-2 positive test with at least 365d prior observation without  with  Prevalent chronic kidney disease,Persons hospitalized with a COVID-19 diagnosis record or a SARS-CoV-2 positive test with at least 365d prior observation without  with  Prevalent chronic kidney disease,134001022,TwoS
Persons hospitalized with a COVID-19 diagnosis record or a SARS-CoV-2 positive test with no required prior observation without  with  Prevalent chronic kidney disease,Persons hospitalized with a COVID-19 diagnosis record or a SARS-CoV-2 positive test with no required prior observation without  with  Prevalent chronic kidney disease,135001022,TwoS
Persons with a COVID-19 diagnosis or a SARS-CoV-2 positive test with at least 365d prior observation without  with  Prevalent end stage renal disease,Persons with a COVID-19 diagnosis or a SARS-CoV-2 positive test with at least 365d prior observation without  with  Prevalent end stage renal disease,132001032,TwoS
Persons with a COVID-19 diagnosis or a SARS-CoV-2 positive test with no required prior observation without  with  Prevalent end stage renal disease,Persons with a COVID-19 diagnosis or a SARS-CoV-2 positive test with no required prior observation without  with  Prevalent end stage renal disease,133001032,TwoS
Persons hospitalized with a COVID-19 diagnosis record or a SARS-CoV-2 positive test with at least 365d prior observation without  with  Prevalent end stage renal disease,Persons hospitalized with a COVID-19 diagnosis record or a SARS-CoV-2 positive test with at least 365d prior observation without  with  Prevalent end stage renal disease,134001032,TwoS
Persons hospitalized with a COVID-19 diagnosis record or a SARS-CoV-2 positive test with no required prior observation without  with  Prevalent end stage renal disease,Persons hospitalized with a COVID-19 diagnosis record or a SARS-CoV-2 positive test with no required prior observation without  with  Prevalent end stage renal disease,135001032,TwoS
Persons with a COVID-19 diagnosis or a SARS-CoV-2 positive test with at least 365d prior observation without  with  Prevalent heart disease,Persons with a COVID-19 diagnosis or a SARS-CoV-2 positive test with at least 365d prior observation without  with  Prevalent heart disease,132001042,TwoS
Persons with a COVID-19 diagnosis or a SARS-CoV-2 positive test with no required prior observation without  with  Prevalent heart disease,Persons with a COVID-19 diagnosis or a SARS-CoV-2 positive test with no required prior observation without  with  Prevalent heart disease,133001042,TwoS
Persons hospitalized with a COVID-19 diagnosis record or a SARS-CoV-2 positive test with at least 365d prior observation without  with  Prevalent heart disease,Persons hospitalized with a COVID-19 diagnosis record or a SARS-CoV-2 positive test with at least 365d prior observation without  with  Prevalent heart disease,134001042,TwoS
Persons hospitalized with a COVID-19 diagnosis record or a SARS-CoV-2 positive test with no required prior observation without  with  Prevalent heart disease,Persons hospitalized with a COVID-19 diagnosis record or a SARS-CoV-2 positive test with no required prior observation without  with  Prevalent heart disease,135001042,TwoS
Persons with a COVID-19 diagnosis or a SARS-CoV-2 positive test with at least 365d prior observation without  with  Prevalent malignant neoplasm excluding non-melanoma skin cancer,Persons with a COVID-19 diagnosis or a SARS-CoV-2 positive test with at least 365d prior observation without  with  Prevalent malignant neoplasm excluding non-melanoma skin cancer,132001052,TwoS
Persons with a COVID-19 diagnosis or a SARS-CoV-2 positive test with no required prior observation without  with  Prevalent malignant neoplasm excluding non-melanoma skin cancer,Persons with a COVID-19 diagnosis or a SARS-CoV-2 positive test with no required prior observation without  with  Prevalent malignant neoplasm excluding non-melanoma skin cancer,133001052,TwoS
Persons hospitalized with a COVID-19 diagnosis record or a SARS-CoV-2 positive test with at least 365d prior observation without  with  Prevalent malignant neoplasm excluding non-melanoma skin cancer,Persons hospitalized with a COVID-19 diagnosis record or a SARS-CoV-2 positive test with at least 365d prior observation without  with  Prevalent malignant neoplasm excluding non-melanoma skin cancer,134001052,TwoS
Persons hospitalized with a COVID-19 diagnosis record or a SARS-CoV-2 positive test with no required prior observation without  with  Prevalent malignant neoplasm excluding non-melanoma skin cancer,Persons hospitalized with a COVID-19 diagnosis record or a SARS-CoV-2 positive test with no required prior observation without  with  Prevalent malignant neoplasm excluding non-melanoma skin cancer,135001052,TwoS
Persons with a COVID-19 diagnosis or a SARS-CoV-2 positive test with at least 365d prior observation without  with  Prevalent obesity,Persons with a COVID-19 diagnosis or a SARS-CoV-2 positive test with at least 365d prior observation without  with  Prevalent obesity,132001082,TwoS
Persons with a COVID-19 diagnosis or a SARS-CoV-2 positive test with no required prior observation without  with  Prevalent obesity,Persons with a COVID-19 diagnosis or a SARS-CoV-2 positive test with no required prior observation without  with  Prevalent obesity,133001082,TwoS
Persons with a COVID-19 diagnosis or a SARS-CoV-2 positive test with at least 365d prior observation without  with  Prevalent Dementia,Persons with a COVID-19 diagnosis or a SARS-CoV-2 positive test with at least 365d prior observation without  with  Prevalent Dementia,132001092,TwoS
Persons with a COVID-19 diagnosis or a SARS-CoV-2 positive test with no required prior observation without  with  Prevalent Dementia,Persons with a COVID-19 diagnosis or a SARS-CoV-2 positive test with no required prior observation without  with  Prevalent Dementia,133001092,TwoS
Persons with a COVID-19 diagnosis or a SARS-CoV-2 positive test with no required prior observation without  with  Prevalent tuberculosis,Persons with a COVID-19 diagnosis or a SARS-CoV-2 positive test with no required prior observation without  with  Prevalent tuberculosis,133001172,TwoS
Persons with a COVID-19 diagnosis or a SARS-CoV-2 positive test with at least 365d prior observation without  with  Prevalent Autoimmune condition,Persons with a COVID-19 diagnosis or a SARS-CoV-2 positive test with at least 365d prior observation without  with  Prevalent Autoimmune condition,132001182,TwoS
Persons with a COVID-19 diagnosis or a SARS-CoV-2 positive test with no required prior observation without  with  Prevalent Autoimmune condition,Persons with a COVID-19 diagnosis or a SARS-CoV-2 positive test with no required prior observation without  with  Prevalent Autoimmune condition,133001182,TwoS
Persons with a COVID-19 diagnosis or a SARS-CoV-2 positive test with at least 365d prior observation without  with  Prevalent Asthma without COPD,Persons with a COVID-19 diagnosis or a SARS-CoV-2 positive test with at least 365d prior observation without  with  Prevalent Asthma without COPD,132001202,TwoS
Persons with a COVID-19 diagnosis or a SARS-CoV-2 positive test with no required prior observation without  with  Prevalent Asthma without COPD,Persons with a COVID-19 diagnosis or a SARS-CoV-2 positive test with no required prior observation without  with  Prevalent Asthma without COPD,133001202,TwoS
Persons with a COVID-19 diagnosis or a SARS-CoV-2 positive test with at least 365d prior observation without  with  Prevalent pre-existing condition of COVID risk factor,Persons with a COVID-19 diagnosis or a SARS-CoV-2 positive test with at least 365d prior observation without  with  Prevalent pre-existing condition of COVID risk factor,132001252,TwoS
Persons with a COVID-19 diagnosis or a SARS-CoV-2 positive test with no required prior observation without  with  Prevalent pre-existing condition of COVID risk factor,Persons with a COVID-19 diagnosis or a SARS-CoV-2 positive test with no required prior observation without  with  Prevalent pre-existing condition of COVID risk factor,133001252,TwoS
Persons hospitalized with a COVID-19 diagnosis record or a SARS-CoV-2 positive test with at least 365d prior observation without  with  Prevalent pre-existing condition of COVID risk factor,Persons hospitalized with a COVID-19 diagnosis record or a SARS-CoV-2 positive test with at least 365d prior observation without  with  Prevalent pre-existing condition of COVID risk factor,134001252,TwoS
Persons hospitalized with a COVID-19 diagnosis record or a SARS-CoV-2 positive test with no required prior observation without  with  Prevalent pre-existing condition of COVID risk factor,Persons hospitalized with a COVID-19 diagnosis record or a SARS-CoV-2 positive test with no required prior observation without  with  Prevalent pre-existing condition of COVID risk factor,135001252,TwoS
Persons with a COVID-19 diagnosis or a SARS-CoV-2 positive test with at least 365d prior observation without  with  Flu-like symptom episodes,Persons with a COVID-19 diagnosis or a SARS-CoV-2 positive test with at least 365d prior observation without  with  Flu-like symptom episodes,132002002,TwoS
Persons with a COVID-19 diagnosis or a SARS-CoV-2 positive test with no required prior observation without  with  Flu-like symptom episodes,Persons with a COVID-19 diagnosis or a SARS-CoV-2 positive test with no required prior observation without  with  Flu-like symptom episodes,133002002,TwoS
Persons hospitalized with a COVID-19 diagnosis record or a SARS-CoV-2 positive test with at least 365d prior observation without  with  Flu-like symptom episodes,Persons hospitalized with a COVID-19 diagnosis record or a SARS-CoV-2 positive test with at least 365d prior observation without  with  Flu-like symptom episodes,134002002,TwoS
Persons hospitalized with a COVID-19 diagnosis record or a SARS-CoV-2 positive test with no required prior observation without  with  Flu-like symptom episodes,Persons hospitalized with a COVID-19 diagnosis record or a SARS-CoV-2 positive test with no required prior observation without  with  Flu-like symptom episodes,135002002,TwoS
Persons with a COVID-19 diagnosis or a SARS-CoV-2 positive test with at least 365d prior observation without  with  Prevalent chronic kidney disease broad,Persons with a COVID-19 diagnosis or a SARS-CoV-2 positive test with at least 365d prior observation without  with  Prevalent chronic kidney disease broad,132002032,TwoS
Persons with a COVID-19 diagnosis or a SARS-CoV-2 positive test with no required prior observation without  with  Prevalent chronic kidney disease broad,Persons with a COVID-19 diagnosis or a SARS-CoV-2 positive test with no required prior observation without  with  Prevalent chronic kidney disease broad,133002032,TwoS
Persons hospitalized with a COVID-19 diagnosis record or a SARS-CoV-2 positive test with at least 365d prior observation without  with  Prevalent chronic kidney disease broad,Persons hospitalized with a COVID-19 diagnosis record or a SARS-CoV-2 positive test with at least 365d prior observation without  with  Prevalent chronic kidney disease broad,134002032,TwoS
Persons hospitalized with a COVID-19 diagnosis record or a SARS-CoV-2 positive test with no required prior observation without  with  Prevalent chronic kidney disease broad,Persons hospitalized with a COVID-19 diagnosis record or a SARS-CoV-2 positive test with no required prior observation without  with  Prevalent chronic kidney disease broad,135002032,TwoS
Persons with a COVID-19 diagnosis or a SARS-CoV-2 positive test with at least 365d prior observation without  with  Prevalent end stage renal disease broad,Persons with a COVID-19 diagnosis or a SARS-CoV-2 positive test with at least 365d prior observation without  with  Prevalent end stage renal disease broad,132002042,TwoS
Persons with a COVID-19 diagnosis or a SARS-CoV-2 positive test with no required prior observation without  with  Prevalent end stage renal disease broad,Persons with a COVID-19 diagnosis or a SARS-CoV-2 positive test with no required prior observation without  with  Prevalent end stage renal disease broad,133002042,TwoS
Persons hospitalized with a COVID-19 diagnosis record or a SARS-CoV-2 positive test with at least 365d prior observation without  with  Prevalent end stage renal disease broad,Persons hospitalized with a COVID-19 diagnosis record or a SARS-CoV-2 positive test with at least 365d prior observation without  with  Prevalent end stage renal disease broad,134002042,TwoS
Persons hospitalized with a COVID-19 diagnosis record or a SARS-CoV-2 positive test with no required prior observation without  with  Prevalent end stage renal disease broad,Persons hospitalized with a COVID-19 diagnosis record or a SARS-CoV-2 positive test with no required prior observation without  with  Prevalent end stage renal disease broad,135002042,TwoS
Persons with a COVID-19 diagnosis or a SARS-CoV-2 positive test with at least 365d prior observation without  with  Prevalent tuberculosis broad,Persons with a COVID-19 diagnosis or a SARS-CoV-2 positive test with at least 365d prior observation without  with  Prevalent tuberculosis broad,132002062,TwoS
Persons with a COVID-19 diagnosis or a SARS-CoV-2 positive test with no required prior observation without  with  Prevalent tuberculosis broad,Persons with a COVID-19 diagnosis or a SARS-CoV-2 positive test with no required prior observation without  with  Prevalent tuberculosis broad,133002062,TwoS
